time,incorrect_classification
24.740000,0.866667
23.880000,0.9
16.950000,0.933333
9.210000,3.53333
7.180000,16.6333
6.750000,27
6.680000,41.7667
6.610000,48.5333
5.730000,50
