time,classification_incorrect,genotype,pareto_optimal,patch,notes
250,100,0 0 0 0 0 1 1 2 0 1 1 0 0 1 0 1 0 2 2 2 1 0 2 2 0 0 0 0 0 2 2 1 3 1 1 0 0 1 0 1 2 31 0 0 1 0 0 0 0 0 0,0,,
250,100,0 0 0 0 0 1 1 1 2 1 1 0 0 1 0 1 0 2 2 2 1 0 2 2 0 0 0 0 0 2 2 1 1 1 1 0 0 1 1 5 1 31 0 0 1 0 0 0 0 0 0,0,,
250,100,0 0 0 0 0 1 1 1 1 1 1 0 0 1 0 1 0 2 2 2 1 0 2 2 0 0 0 0 0 2 2 1 0 1 1 0 0 1 1 1 2 31 0 0 1 0 0 0 0 0 0,0,,
250,100,0 0 0 0 0 1 1 1 0 1 2 0 0 1 0 1 0 2 2 2 1 0 2 2 0 0 0 0 0 2 2 1 1 1 1 0 0 1 1 2 2 31 0 0 1 0 1 0 0 0 0,1,,
250,100,0 0 0 0 0 1 1 1 0 1 1 0 0 1 0 1 0 2 2 2 1 0 2 2 0 0 0 0 0 2 2 1 1 1 1 0 0 1 1 1 2 31 0 0 1 0 0 0 0 0 0,0,,
250,100,0 0 0 0 0 0 1 1 0 1 2 0 0 1 0 1 0 2 2 2 1 0 2 2 0 0 0 0 0 2 2 0 0 1 1 0 0 1 1 2 2 31 0 0 1 0 0 0 0 0 0,0,,
193.38,1.03529,0 0 0 0 0 1 1 1 0 0 1 0 0 1 0 1 0 2 2 2 1 0 2 2 0 0 0 0 0 2 2 1 1 1 1 0 0 1 1 1 2 31 0 0 1 1 0 0 0 0 0,1,,ORIGINAL
63.14,6.41765,0 0 0 0 0 1 1 1 2 0 1 0 0 1 0 1 0 2 2 2 1 0 2 2 0 0 0 0 0 2 2 1 1 1 1 0 0 1 0 2 2 25 0 0 1 0 0 0 0 0 0,1,,
45.50,33.4529,0 0 0 0 0 0 1 1 0 0 1 0 0 1 0 1 0 2 2 2 1 0 2 2 0 1 0 0 0 2 1 1 1 1 1 0 0 1 0 5 2 31 0 0 1 0 0 0 0 0 3,1,,
43.13,36.4353,0 0 0 0 0 0 1 2 0 0 1 0 0 1 0 1 0 2 2 2 1 0 2 2 0 1 0 0 0 2 1 1 0 1 1 0 0 1 0 5 2 31 0 0 1 0 0 0 0 0 10,1,,
34.55,50,0 0 0 0 0 0 1 1 0 0 8 0 0 1 0 1 0 2 2 2 1 0 2 2 0 0 4 0 0 2 2 1 6 1 11 0 0 1 1 5 2 31 0 0 1 0 1 0 0 0 2,1,,
