time,incorrect_classification
29.450000,0.9
24.630000,1
19.560000,2.13333
12.350000,3.7
11.230000,6
8.780000,19.5
8.060000,32.9
7.640000,36.3667
7.570000,45.9333
6.090000,50
