time,incorrect_classification
27.600000,0.9
25.940000,0.933333
21.700000,1.06667
17.720000,1.46667
16.890000,3.06667
15.750000,3.23333
14.520000,3.36667
12.300000,5.03333
11.980000,10.5667
8.330000,15.1667
7.010000,27.8333
6.370000,36.4
5.980000,47.2
4.440000,50
